id;novel_id;page_id;compressed;compressed_content_type;compression_type;hash;create_time
1;12471;31605;../fake-data/blob/hipster.png;image/png;8712;astride 逐渐;2025-06-25T20:54:31
2;8975;8473;../fake-data/blob/hipster.png;image/png;971;blah duh;2025-06-26T06:14:06
3;25520;7831;../fake-data/blob/hipster.png;image/png;3858;which;2025-06-26T03:55:19
4;1629;14814;../fake-data/blob/hipster.png;image/png;14152;the;2025-06-26T15:34:14
5;5536;7065;../fake-data/blob/hipster.png;image/png;11742;伟大 between 坏;2025-06-26T16:08:52
6;11232;16460;../fake-data/blob/hipster.png;image/png;9208;轻松 坏 yuck;2025-06-26T07:45:57
7;32413;24898;../fake-data/blob/hipster.png;image/png;17684;community pfft 更加;2025-06-25T22:42:23
8;28502;14765;../fake-data/blob/hipster.png;image/png;8935;血淋淋 平常 bandwidth;2025-06-26T05:42:37
9;19196;17620;../fake-data/blob/hipster.png;image/png;26710;挥 provided;2025-06-26T00:45:23
10;29537;22430;../fake-data/blob/hipster.png;image/png;26349;拨 although;2025-06-26T12:08:33
