id;related_id;related_info;operate_user_id;operate_user_name;operate_user_photo;type;msg;state;create_time
1;whether;to yum;9031;小;folklore;29781;舞 horst;17835;2025-07-01T21:04:24
2;including soliloquy 擒;instead ick pliers;27963;blah when 捏;following;3117;喝 unto;26484;2025-07-02T13:06:51
3;优秀;hence 逐步;9979;ad finally;稍微;28098;必然 却;13724;2025-07-02T08:36:17
4;擒 whoever sans;仅;24428;under;多么 清楚;30228;甜 好 没;13322;2025-07-02T07:28:51
5;so;while;14015;gosh 热 逐步;操作;12617;整齐 upon;10409;2025-07-02T14:55:38
6;as;摇;10801;among 抱 on;持;31167;总共 psst 大约;14047;2025-07-02T08:43:16
7;phooey;大约;27521;攥 老实 多;fooey;11293;anenst;29295;2025-07-01T21:49:25
8;e-mail aside;pish;31761;当然 or;一道;26853;掘 yum;12429;2025-07-02T02:13:57
9;大 慢 in;whereas 老实 which;27457;hence;allocation 太 while;11992;yippee er boohoo;18210;2025-07-02T13:06:26
10;撬 once;ugh 推 pish;26966;转动 bend oh;拖;10778;gah 抽 why;7287;2025-07-02T13:41:15
