id;title;author_id;cover_url;description;category_id;tags;word_count;chapter_count;status;is_vip;create_time;update_time
1;挖 干脆;13026;全部;boohoo waist as;4671;whoever following;26397;6561;4031;false;2025-06-26T00:01:55;2025-06-25T23:58:46
2;整;9981;yuck;ectoderm 苦;18714;冷;27730;12306;32600;true;2025-06-26T06:54:01;2025-06-26T00:05:58
3;aboard;19700;yippee;优秀 amidst ah;32532;互相 播;10120;19515;11737;true;2025-06-26T01:05:16;2025-06-26T02:23:40
4;最 伟大 鲁莽;15352;than whose 拆;生动 擅自;26281;who;29255;31056;12688;false;2025-06-26T04:36:54;2025-06-26T00:50:01
5;boohoo;17589;大约;推;11988;跑 phooey;20566;15160;85;false;2025-06-26T00:02:11;2025-06-26T06:34:12
6;yum 推 adaptation;10084;马虎;likewise creature 持;23186;where;25822;2384;10246;false;2025-06-25T21:06:42;2025-06-26T07:44:42
7;however if 拖;30125;till;黑不溜秋 摘 拖;2821;likewise;27535;7841;28918;false;2025-06-25T19:56:02;2025-06-26T04:05:14
8;很 hubris;18942;坚固 fit 好些;woot ugh 披;15212;starboard gadzooks;25985;27503;31434;false;2025-06-25T19:08:22;2025-06-26T05:36:58
9;into 挥 minority;23144;捧;hm;1860;drat 播 跑;14034;7256;26481;false;2025-06-26T08:56:37;2025-06-25T22:55:08
10;nectarine 抬;21098;lady 慢 er;仿佛 ugh;18372;多亏 黑不溜秋;28772;17441;17815;true;2025-06-26T15:09:28;2025-06-26T04:20:57
