id;tag_id;tag_name;category;is_hot;create_time;update_time
1;duster so 最;completion onto depot;modulo 不;true;2025-06-26T12:14:11;2025-06-26T04:37:05
2;from plus presume;bookend 当然 which;冷 because;true;2025-06-26T05:27:38;2025-06-26T06:03:39
3;撞 after;unless except;好些;true;2025-06-25T23:34:18;2025-06-26T10:19:04
4;drat disconnection consequently;yum in 整;yuck lifestyle;true;2025-06-25T17:10:20;2025-06-25T23:17:04
5;when guidance;lest before so;整;true;2025-06-26T02:15:26;2025-06-26T05:59:49
6;but 一齐 freezing;qua below excluding;except pish;true;2025-06-26T00:25:34;2025-06-25T20:47:15
7;oof;雪白 unless scratch;birdcage 关闭;true;2025-06-26T06:48:33;2025-06-26T08:30:17
8;极;索性;开 atop 许多;false;2025-06-26T13:59:01;2025-06-26T15:53:25
9;共 抿 咬;果然 逐步;besides astride adviser;true;2025-06-26T07:10:00;2025-06-25T18:41:05
10;索性 to;优秀;cardboard uh-huh tentacle;false;2025-06-26T03:39:19;2025-06-26T08:18:09
